Designator,Mid X,Mid Y,Rotation,Layer
C1,109.526015,-81.158599,90.0,bottom
C2,111.933055,-81.181459,270.0,bottom
C3,115.921814,-95.801699,0.0,bottom
D1,104.9,-102.4,90.0,bottom
D2,125.75,-102.75,90.0,bottom
R1,111.45,-102.5625,270.0,bottom
R2,117.6,-81.1625,270.0,bottom
R3,119.915114,-81.171302,90.0,bottom
R4,112.25,-96.75,180.0,bottom
R5,121.05,-75.15,90.0,bottom
R6,108.7,-75.05,90.0,bottom
U2,114.9,-89.0,180.0,bottom
U3,114.675,-73.445,90.0,bottom
